Date,Open,High,Low,Close,Adj Close,Volume,Stock Name,daily_sentiment
2021-09-30,143.66000366210938,144.3800048828125,141.27999877929688,141.5,140.47848510742188,89056700,AAPL,0.0989
2021-10-01,141.89999389648438,142.9199981689453,139.11000061035156,142.64999389648438,141.6201629638672,94639600,AAPL,0.24825454545454545
2021-10-04,141.75999450683594,142.2100067138672,138.27000427246094,139.13999938964844,138.13551330566406,98322000,AAPL,0.12283
2021-10-05,139.49000549316406,142.24000549316406,139.36000061035156,141.11000061035156,140.09127807617188,80861100,AAPL,0.331
2021-10-06,139.47000122070312,142.14999389648438,138.3699951171875,142.0,140.97486877441406,83221100,AAPL,0.24352000000000001
2021-10-07,143.05999755859375,144.22000122070312,142.72000122070312,143.2899932861328,142.25555419921875,61732700,AAPL,0.2467
2021-10-08,144.02999877929688,144.17999267578125,142.55999755859375,142.89999389648438,141.8683624267578,58773200,AAPL,0.45607142857142857
2021-10-11,142.27000427246094,144.80999755859375,141.80999755859375,142.80999755859375,141.7790069580078,64452200,AAPL,0.79615
2021-10-12,143.22999572753906,143.25,141.0399932861328,141.50999450683594,140.4884033203125,73035900,AAPL,0.0259
2021-10-13,141.24000549316406,141.39999389648438,139.1999969482422,140.91000366210938,139.8927459716797,78762700,AAPL,-0.32258
2021-10-14,142.11000061035156,143.8800048828125,141.50999450683594,143.75999450683594,142.72216796875,69907100,AAPL,0.44689333333333336
2021-10-15,143.77000427246094,144.89999389648438,143.50999450683594,144.83999633789062,143.7943572998047,67940300,AAPL,-0.006685714285714287
2021-10-18,143.4499969482422,146.83999633789062,143.16000366210938,146.5500030517578,145.4920196533203,85589200,AAPL,0.27879130434782606
2021-10-19,147.00999450683594,149.1699981689453,146.5500030517578,148.75999450683594,147.6860809326172,76378900,AAPL,0.13106428571428572
2021-10-20,148.6999969482422,149.75,148.1199951171875,149.25999450683594,148.18246459960938,58418800,AAPL,0.26243
2021-10-21,148.80999755859375,149.63999938964844,147.8699951171875,149.47999572753906,148.40087890625,61421000,AAPL,-0.003430000000000005
2021-10-22,149.69000244140625,150.17999267578125,148.63999938964844,148.69000244140625,147.6165771484375,58883400,AAPL,0.26688
2021-10-25,148.67999267578125,149.3699951171875,147.6199951171875,148.63999938964844,147.5669403076172,50720600,AAPL,0.1692
2021-10-26,149.3300018310547,150.83999633789062,149.00999450683594,149.32000732421875,148.2420196533203,60893400,AAPL,0.15886666666666666
2021-10-27,149.36000061035156,149.72999572753906,148.49000549316406,148.85000610351562,147.77542114257812,56094900,AAPL,-0.045207142857142855
2021-10-28,149.82000732421875,153.1699981689453,149.72000122070312,152.57000732421875,151.46856689453125,100077900,AAPL,-0.016879310344827588
2021-10-29,147.22000122070312,149.94000244140625,146.41000366210938,149.8000030517578,148.71856689453125,124953200,AAPL,0.18338333333333334
2021-11-01,148.99000549316406,149.6999969482422,147.8000030517578,148.9600067138672,147.8846435546875,74588300,AAPL,0.3521
2021-11-02,148.66000366210938,151.57000732421875,148.64999389648438,150.02000427246094,148.93698120117188,69122000,AAPL,0.20664615384615384
2021-11-03,150.38999938964844,151.97000122070312,149.82000732421875,151.49000549316406,150.3963623046875,54511500,AAPL,0.0363
2021-11-04,151.5800018310547,152.42999267578125,150.63999938964844,150.9600067138672,149.8701934814453,60394600,AAPL,0.16220909090909091
2021-11-05,151.88999938964844,152.1999969482422,150.05999755859375,151.27999877929688,150.40707397460938,65463900,AAPL,0.12692222222222224
2021-11-08,151.41000366210938,151.57000732421875,150.16000366210938,150.44000244140625,149.57191467285156,55020900,AAPL,0.3407714285714286
2021-11-09,150.1999969482422,151.42999267578125,150.05999755859375,150.80999755859375,149.93978881835938,56787900,AAPL,0.28791500000000003
2021-11-10,150.02000427246094,150.1300048828125,147.85000610351562,147.9199981689453,147.0664520263672,65187100,AAPL,0.1860625
2021-11-11,148.9600067138672,149.42999267578125,147.67999267578125,147.8699951171875,147.01675415039062,41000000,AAPL,0.3019
2021-11-12,148.42999267578125,150.39999389648438,147.47999572753906,149.99000549316406,149.12452697753906,63804000,AAPL,0.3031888888888889
2021-11-15,150.3699951171875,151.8800048828125,149.42999267578125,150.0,149.13446044921875,59222800,AAPL,0.19632857142857144
2021-11-16,149.94000244140625,151.49000549316406,149.33999633789062,151.0,150.12867736816406,59256200,AAPL,0.17002499999999998
2021-11-17,151.0,155.0,150.99000549316406,153.49000549316406,152.60430908203125,88807000,AAPL,0.22437333333333334
2021-11-18,153.7100067138672,158.6699981689453,153.0500030517578,157.8699951171875,156.95904541015625,137827700,AAPL,0.16669574468085105
2021-11-19,157.64999389648438,161.02000427246094,156.52999877929688,160.5500030517578,159.62356567382812,117305600,AAPL,0.271565
2021-11-22,161.67999267578125,165.6999969482422,161.0,161.02000427246094,160.0908660888672,117467900,AAPL,0.34385454545454547
2021-11-23,161.1199951171875,161.8000030517578,159.05999755859375,161.41000366210938,160.47862243652344,96041900,AAPL,0.3903875
2021-11-24,160.75,162.13999938964844,159.63999938964844,161.94000244140625,161.0055694580078,69463600,AAPL,0.18143125
2021-11-26,159.57000732421875,160.4499969482422,156.36000061035156,156.80999755859375,155.90516662597656,76959800,AAPL,0.12227692307692307
2021-11-29,159.3699951171875,161.19000244140625,158.7899932861328,160.24000549316406,159.31536865234375,88748200,AAPL,0.27807
2021-11-30,159.99000549316406,165.52000427246094,159.9199981689453,165.3000030517578,164.34617614746094,174048100,AAPL,0.11749999999999998
2021-12-01,167.47999572753906,170.3000030517578,164.52999877929688,164.77000427246094,163.81924438476562,152052500,AAPL,0.016151851851851858
2021-12-02,158.74000549316406,164.1999969482422,157.8000030517578,163.75999450683594,162.8150634765625,136739200,AAPL,0.15232307692307692
2021-12-03,164.02000427246094,164.9600067138672,159.72000122070312,161.83999633789062,160.90611267089844,118023100,AAPL,0.09966
2021-12-06,164.2899932861328,167.8800048828125,164.27999877929688,165.32000732421875,164.36605834960938,107497000,AAPL,0.0382
2021-12-07,169.0800018310547,171.5800018310547,168.33999633789062,171.17999267578125,170.19223022460938,120405400,AAPL,0.1215
2021-12-08,172.1300048828125,175.9600067138672,170.6999969482422,175.0800018310547,174.0697479248047,116998900,AAPL,0.1853774193548387
2021-12-09,174.91000366210938,176.75,173.9199981689453,174.55999755859375,173.552734375,108923700,AAPL,0.16284782608695653
2021-12-10,175.2100067138672,179.6300048828125,174.69000244140625,179.4499969482422,178.4145050048828,115402700,AAPL,0.16511875
2021-12-13,181.1199951171875,182.1300048828125,175.52999877929688,175.74000549316406,174.72593688964844,153237000,AAPL,0.09687027027027027
2021-12-14,175.25,177.74000549316406,172.2100067138672,174.3300018310547,173.32406616210938,139380400,AAPL,0.28777142857142857
2021-12-15,175.11000061035156,179.5,172.30999755859375,179.3000030517578,178.26539611816406,131063300,AAPL,0.25597333333333333
2021-12-16,179.27999877929688,181.13999938964844,170.75,172.25999450683594,171.2659912109375,150185800,AAPL,0.18285
2021-12-17,169.92999267578125,173.47000122070312,169.69000244140625,171.13999938964844,170.15248107910156,195432700,AAPL,0.4451
2021-12-20,168.27999877929688,170.5800018310547,167.4600067138672,169.75,168.77049255371094,107499100,AAPL,0.4387833333333333
2021-12-21,171.55999755859375,173.1999969482422,169.1199951171875,172.99000549316406,171.99179077148438,91185900,AAPL,0.46145714285714284
2021-12-22,173.0399932861328,175.86000061035156,172.14999389648438,175.63999938964844,174.62649536132812,92135300,AAPL,0.22508666666666663
2021-12-23,175.85000610351562,176.85000610351562,175.27000427246094,176.27999877929688,175.26280212402344,68356600,AAPL,0.2532818181818182
2021-12-27,177.08999633789062,180.4199981689453,177.07000732421875,180.3300018310547,179.28945922851562,74919600,AAPL,0.16159545454545454
2021-12-28,180.16000366210935,181.3300018310547,178.52999877929688,179.2899932861328,178.2554473876953,79144300,AAPL,0.26416666666666666
2021-12-29,179.3300018310547,180.6300048828125,178.13999938964844,179.3800048828125,178.34494018554688,62348900,AAPL,0.2209375
2021-12-30,179.47000122070312,180.57000732421875,178.08999633789062,178.1999969482422,177.17172241210938,59773000,AAPL,0.235675
2021-12-31,178.08999633789062,179.22999572753906,177.25999450683594,177.57000732421875,176.54539489746094,64062300,AAPL,0.10137999999999998
2022-01-03,177.8300018310547,182.8800048828125,177.7100067138672,182.00999450683597,180.9597320556641,104487900,AAPL,0.2076761904761905
2022-01-04,182.6300048828125,182.94000244140625,179.1199951171875,179.6999969482422,178.66307067871094,99310400,AAPL,0.22460769230769229
2022-01-05,179.61000061035156,180.1699981689453,174.63999938964844,174.9199981689453,173.91065979003906,94537600,AAPL,0.1347
2022-01-06,172.6999969482422,175.3000030517578,171.63999938964844,172.0,171.00750732421875,96904000,AAPL,0.05678749999999999
2022-01-07,172.88999938964844,174.13999938964844,171.02999877929688,172.1699981689453,171.176513671875,86709100,AAPL,0.20995
2022-01-10,169.0800018310547,172.5,168.1699981689453,172.19000244140625,171.19642639160156,106765600,AAPL,0.15055714285714286
2022-01-11,172.32000732421875,175.17999267578125,170.82000732421875,175.0800018310547,174.0697479248047,76138300,AAPL,0.16881111111111113
2022-01-12,176.1199951171875,177.17999267578125,174.82000732421875,175.52999877929688,174.5171356201172,74805200,AAPL,0.19822727272727272
2022-01-13,175.77999877929688,176.6199951171875,171.7899932861328,172.19000244140625,171.19642639160156,84505800,AAPL,0.12646666666666667
2022-01-14,171.33999633789062,173.77999877929688,171.08999633789062,173.07000732421875,172.07135009765625,80440800,AAPL,-0.11520909090909091
2022-01-18,171.50999450683594,172.5399932861328,169.41000366210938,169.8000030517578,168.82020568847656,90956700,AAPL,0.2523888888888889
2022-01-19,170.0,171.0800018310547,165.94000244140625,166.22999572753906,165.2707977294922,94815000,AAPL,0.18599999999999997
2022-01-20,166.97999572753906,169.67999267578125,164.17999267578125,164.50999450683594,163.56072998046875,91420500,AAPL,0.010249999999999981
2022-01-21,164.4199981689453,166.3300018310547,162.3000030517578,162.41000366210938,161.47286987304688,122848900,AAPL,0.2637769230769231
2022-01-24,160.02000427246094,162.3000030517578,154.6999969482422,161.6199951171875,160.6873779296875,162294600,AAPL,0.15562666666666666
2022-01-25,158.97999572753906,162.75999450683594,157.02000427246094,159.77999877929688,158.85801696777344,115798400,AAPL,-0.08880833333333332
2022-01-26,163.5,164.38999938964844,157.82000732421875,159.69000244140625,158.76853942871094,108275300,AAPL,0.28874
2022-01-27,162.4499969482422,163.83999633789062,158.27999877929688,159.22000122070312,158.30123901367188,121954600,AAPL,0.10553516483516484
2022-01-28,165.7100067138672,170.35000610351562,162.8000030517578,170.3300018310547,169.34713745117188,179935700,AAPL,0.13115652173913042
2022-01-31,170.16000366210938,175.0,169.50999450683594,174.77999877929688,173.77145385742188,115541600,AAPL,0.23510666666666669
2022-02-01,174.00999450683594,174.83999633789062,172.30999755859375,174.61000061035156,173.6024627685547,86213900,AAPL,0.3246578947368421
2022-02-02,174.75,175.8800048828125,173.3300018310547,175.83999633789062,174.82533264160156,84914300,AAPL,0.24608333333333332
2022-02-03,174.47999572753906,176.24000549316406,172.1199951171875,172.89999389648438,171.90231323242188,89418100,AAPL,0.07461153846153847
2022-02-04,171.67999267578125,174.10000610351562,170.67999267578125,172.38999938964844,171.61363220214844,82465400,AAPL,0.04545384615384615
2022-02-07,172.86000061035156,173.9499969482422,170.9499969482422,171.66000366210938,170.8869171142578,77251200,AAPL,0.24584285714285717
2022-02-08,171.72999572753906,175.35000610351562,171.42999267578125,174.8300018310547,174.04263305664062,74829200,AAPL,0.17937142857142857
2022-02-09,176.0500030517578,176.64999389648438,174.89999389648438,176.27999877929688,175.48609924316406,71285000,AAPL,-0.020320000000000005
2022-02-10,174.13999938964844,175.47999572753906,171.5500030517578,172.1199951171875,171.34483337402344,90865900,AAPL,0.29235
2022-02-11,172.3300018310547,173.0800018310547,168.0399932861328,168.63999938964844,167.88050842285156,98670700,AAPL,0.20126666666666668
2022-02-14,167.3699951171875,169.5800018310547,166.55999755859375,168.8800048828125,168.1194305419922,86185500,AAPL,0.29232
2022-02-15,170.97000122070312,172.9499969482422,170.25,172.7899932861328,172.01182556152344,62527400,AAPL,0.323625
2022-02-16,171.85000610351562,173.33999633789062,170.0500030517578,172.5500030517578,171.77291870117188,61177400,AAPL,-0.06342
2022-02-17,171.02999877929688,171.91000366210938,168.47000122070312,168.8800048828125,168.1194305419922,69589300,AAPL,0.11955
2022-02-18,169.82000732421875,170.5399932861328,166.19000244140625,167.3000030517578,166.5465545654297,82772700,AAPL,0.28995
2022-02-22,164.97999572753906,166.69000244140625,162.14999389648438,164.32000732421875,163.57998657226562,91162800,AAPL,0.23321428571428574
2022-02-23,165.5399932861328,166.14999389648438,159.75,160.07000732421875,159.34912109375,90009200,AAPL,0.027000000000000003
2022-02-24,152.5800018310547,162.85000610351562,152.0,162.74000549316406,162.00709533691406,141147500,AAPL,0.09106363636363636
2022-02-25,163.83999633789062,165.1199951171875,160.8699951171875,164.85000610351562,164.1075897216797,91974200,AAPL,-0.15834285714285715
2022-02-28,163.05999755859375,165.4199981689453,162.42999267578125,165.1199951171875,164.37635803222656,95056600,AAPL,-0.04149999999999998
2022-03-01,164.6999969482422,166.60000610351562,161.97000122070312,163.1999969482422,162.4650115966797,83474400,AAPL,-0.02145454545454545
2022-03-02,164.38999938964844,167.36000061035156,162.9499969482422,166.55999755859375,165.8098907470703,79724800,AAPL,0.02189
2022-03-03,168.47000122070312,168.91000366210938,165.5500030517578,166.22999572753906,165.4813690185547,76678400,AAPL,0.1553875
2022-03-04,164.49000549316406,165.5500030517578,162.10000610351562,163.1699981689453,162.4351348876953,83737200,AAPL,0.1351470588235294
2022-03-07,163.36000061035156,165.02000427246094,159.0399932861328,159.3000030517578,158.5825958251953,96418800,AAPL,0.12704000000000001
2022-03-08,158.82000732421875,162.8800048828125,155.8000030517578,157.44000244140625,156.73094177246094,131148300,AAPL,0.10799285714285714
2022-03-09,161.47999572753906,163.41000366210938,159.41000366210938,162.9499969482422,162.2161407470703,91454900,AAPL,0.15667777777777778
2022-03-10,160.1999969482422,160.38999938964844,155.97999572753906,158.52000427246094,157.8061065673828,105342000,AAPL,0.27230625
2022-03-11,158.92999267578125,159.27999877929688,154.5,154.72999572753906,154.0331573486328,96970100,AAPL,-0.09533846153846152
2022-03-14,151.4499969482422,154.1199951171875,150.10000610351562,150.6199951171875,149.941650390625,108732100,AAPL,0.04128709677419355
2022-03-15,150.89999389648438,155.57000732421875,150.3800048828125,155.08999633789062,154.3915252685547,92964300,AAPL,0.12116
2022-03-16,157.0500030517578,160.0,154.4600067138672,159.58999633789062,158.87127685546875,102300200,AAPL,0.24335000000000004
2022-03-17,158.61000061035156,161.0,157.6300048828125,160.6199951171875,159.89663696289062,75615400,AAPL,0.21859166666666666
2022-03-18,160.50999450683594,164.47999572753906,159.75999450683594,163.97999572753906,163.24151611328125,123511700,AAPL,0.2884888888888889
2022-03-21,163.50999450683594,166.35000610351562,163.00999450683594,165.3800048828125,164.6352081298828,95811400,AAPL,0.23375384615384617
2022-03-22,165.50999450683594,169.4199981689453,164.91000366210938,168.82000732421875,168.05970764160156,81532000,AAPL,0.0334
2022-03-23,167.99000549316406,172.63999938964844,167.64999389648438,170.2100067138672,169.44345092773438,98062700,AAPL,0.28442
2022-03-24,171.05999755859375,174.13999938964844,170.2100067138672,174.07000732421875,173.2860565185547,90131400,AAPL,0.2786416666666667
2022-03-25,173.8800048828125,175.27999877929688,172.75,174.72000122070312,173.93313598632812,80546200,AAPL,0.2809428571428571
2022-03-28,172.1699981689453,175.72999572753906,172.0,175.60000610351562,174.80917358398438,90371900,AAPL,0.09191538461538462
2022-03-29,176.69000244140625,179.00999450683594,176.33999633789062,178.9600067138672,178.15403747558594,100589400,AAPL,0.358476
2022-03-30,178.5500030517578,179.61000061035156,176.6999969482422,177.77000427246094,176.9694061279297,92633200,AAPL,0.008919999999999994
2022-03-31,177.83999633789062,178.02999877929688,174.39999389648438,174.61000061035156,173.82362365722656,103049300,AAPL,0.26122307692307695
2022-04-01,174.02999877929688,174.8800048828125,171.94000244140625,174.30999755859375,173.5249786376953,78751300,AAPL,0.04292857142857143
2022-04-04,174.57000732421875,178.49000549316406,174.44000244140625,178.44000244140625,177.63636779785156,76468400,AAPL,0.33339285714285716
2022-04-05,177.5,178.3000030517578,174.4199981689453,175.05999755859375,174.2716064453125,73401800,AAPL,0.023433333333333327
2022-04-06,172.36000061035156,173.6300048828125,170.1300048828125,171.8300018310547,171.05615234375,89058800,AAPL,0.0017099999999999893
2022-04-07,171.16000366210938,173.36000061035156,169.85000610351562,172.13999938964844,171.36474609375,77594700,AAPL,-0.1667
2022-04-08,171.77999877929688,171.77999877929688,169.1999969482422,170.08999633789062,169.323974609375,76575500,AAPL,0.03991818181818182
2022-04-11,168.7100067138672,169.02999877929688,165.5,165.75,165.00352478027344,72246700,AAPL,-0.07713999999999999
2022-04-12,168.02000427246094,169.8699951171875,166.63999938964844,167.66000366210938,166.90493774414062,79265200,AAPL,-0.026566666666666676
2022-04-13,167.38999938964844,171.0399932861328,166.77000427246094,170.39999389648438,169.63258361816406,70618900,AAPL,0.2669181818181818
2022-04-14,170.6199951171875,171.27000427246094,165.0399932861328,165.2899932861328,164.5456085205078,75329400,AAPL,0.5788142857142857
2022-04-18,163.9199981689453,166.60000610351562,163.57000732421875,165.07000732421875,164.32659912109375,69023900,AAPL,0.15928571428571428
2022-04-19,165.02000427246094,167.82000732421875,163.91000366210938,167.39999389648438,166.64610290527344,67723800,AAPL,0.12446666666666666
2022-04-20,168.75999450683594,168.8800048828125,166.10000610351562,167.22999572753906,166.4768524169922,67929800,AAPL,0.2028578947368421
2022-04-21,168.91000366210938,171.52999877929688,165.91000366210938,166.4199981689453,165.67051696777344,87227800,AAPL,0.31701428571428575
2022-04-22,166.4600067138672,167.8699951171875,161.5,161.7899932861328,161.0613555908203,84882400,AAPL,0.009178947368421047
2022-04-25,161.1199951171875,163.1699981689453,158.4600067138672,162.8800048828125,162.14645385742188,96046400,AAPL,-0.004685000000000003
2022-04-26,162.25,162.33999633789062,156.72000122070312,156.8000030517578,156.09384155273438,95623200,AAPL,0.11147368421052631
2022-04-27,155.91000366210938,159.7899932861328,155.3800048828125,156.57000732421875,155.86488342285156,88063200,AAPL,0.23276363636363637
2022-04-28,159.25,164.52000427246094,158.92999267578125,163.63999938964844,162.9030303955078,130216800,AAPL,0.0430045871559633
2022-04-29,161.83999633789062,166.1999969482422,157.25,157.64999389648438,156.94000244140625,131747600,AAPL,0.12864545454545456
2022-05-02,156.7100067138672,158.22999572753906,153.27000427246094,157.9600067138672,157.2486114501953,123055300,AAPL,0.14213076923076923
2022-05-03,158.14999389648438,160.7100067138672,156.32000732421875,159.47999572753906,158.7617645263672,88966500,AAPL,0.13380714285714285
2022-05-04,159.6699981689453,166.47999572753906,159.25999450683594,166.02000427246094,165.27230834960938,108256500,AAPL,0.16405
2022-05-05,163.85000610351562,164.0800018310547,154.9499969482422,156.77000427246094,156.06398010253906,130525300,AAPL,0.15144000000000002
2022-05-06,156.00999450683594,159.44000244140625,154.17999267578125,157.27999877929688,156.80172729492188,116124600,AAPL,0.13092941176470588
2022-05-09,154.92999267578125,155.8300018310547,151.49000549316406,152.05999755859375,151.59759521484375,131577900,AAPL,0.044006250000000004
2022-05-10,155.52000427246094,156.74000549316406,152.92999267578125,154.50999450683594,154.04013061523438,115366700,AAPL,0.14327499999999999
2022-05-11,153.5,155.4499969482422,145.80999755859375,146.5,146.05450439453125,142689800,AAPL,0.08185263157894736
2022-05-12,142.77000427246094,146.1999969482422,138.8000030517578,142.55999755859375,142.12648010253906,182602000,AAPL,0.13194857142857142
2022-05-13,144.58999633789062,148.10000610351562,143.11000061035156,147.11000061035156,146.6626434326172,113990900,AAPL,0.13605789473684213
2022-05-16,145.5500030517578,147.52000427246094,144.17999267578125,145.5399932861328,145.097412109375,86643800,AAPL,0.21766538461538462
2022-05-17,148.86000061035156,149.77000427246094,146.67999267578125,149.24000549316406,148.7861785888672,78336300,AAPL,0.22356666666666666
2022-05-18,146.85000610351562,147.36000061035156,139.89999389648438,140.82000732421875,140.39178466796875,109742900,AAPL,0.09176756756756757
2022-05-19,139.8800048828125,141.66000366210938,136.60000610351562,137.35000610351562,136.93234252929688,136095600,AAPL,0.0022600000000000007
2022-05-20,139.08999633789062,140.6999969482422,132.61000061035156,137.58999633789062,137.17160034179688,137426100,AAPL,0.308525
2022-05-23,137.7899932861328,143.25999450683594,137.64999389648438,143.11000061035156,142.67481994628906,117726300,AAPL,0.21063157894736842
2022-05-24,140.80999755859375,141.97000122070312,137.3300018310547,140.36000061035156,139.9331817626953,104132700,AAPL,-0.01867272727272727
2022-05-25,138.42999267578125,141.7899932861328,138.33999633789062,140.52000427246094,140.0926971435547,92482700,AAPL,0.14633076923076924
2022-05-26,137.38999938964844,144.33999633789062,137.13999938964844,143.77999877929688,143.3427734375,90601500,AAPL,0.07981250000000001
2022-05-27,145.38999938964844,149.67999267578125,145.25999450683594,149.63999938964844,149.18495178222656,90978500,AAPL,0.08002352941176472
2022-05-31,149.07000732421875,150.66000366210938,146.83999633789062,148.83999633789062,148.38739013671875,103718400,AAPL,0.333575
2022-06-01,149.89999389648438,151.74000549316406,147.67999267578125,148.7100067138672,148.25779724121094,74286600,AAPL,0.19621666666666668
2022-06-02,147.8300018310547,151.27000427246094,146.86000061035156,151.2100067138672,150.75018310546875,72348100,AAPL,0.15886363636363637
2022-06-03,146.89999389648438,147.97000122070312,144.4600067138672,145.3800048828125,144.9379119873047,88570300,AAPL,-0.10726666666666668
2022-06-06,147.02999877929688,148.57000732421875,144.89999389648438,146.13999938964844,145.6956024169922,71598400,AAPL,0.09095
2022-06-07,144.35000610351562,149.0,144.10000610351562,148.7100067138672,148.25779724121094,67808200,AAPL,0.10829230769230769
2022-06-08,148.5800018310547,149.8699951171875,147.4600067138672,147.9600067138672,147.51007080078125,53950200,AAPL,0.15283888888888889
2022-06-09,147.0800018310547,147.9499969482422,142.52999877929688,142.63999938964844,142.2062530517578,69473000,AAPL,0.007680000000000015
2022-06-10,140.27999877929688,140.75999450683594,137.05999755859375,137.1300048828125,136.7130126953125,91437900,AAPL,0.07510000000000001
2022-06-13,132.8699951171875,135.1999969482422,131.44000244140625,131.8800048828125,131.4789581298828,122207100,AAPL,0.11186923076923076
2022-06-14,133.1300048828125,133.88999938964844,131.47999572753906,132.75999450683594,132.3562774658203,84784300,AAPL,0.032907692307692304
2022-06-15,134.2899932861328,137.33999633789062,132.16000366210938,135.42999267578125,135.01815795898438,91533000,AAPL,-0.06960000000000001
2022-06-16,132.0800018310547,132.38999938964844,129.0399932861328,130.05999755859375,129.66448974609375,108123900,AAPL,-0.181025
2022-06-17,130.07000732421875,133.0800018310547,129.80999755859375,131.55999755859375,131.15992736816406,134520300,AAPL,0.04783333333333332
2022-06-21,133.4199981689453,137.05999755859375,133.32000732421875,135.8699951171875,135.45681762695312,81000500,AAPL,0.18517999999999998
2022-06-22,134.7899932861328,137.75999450683594,133.91000366210938,135.35000610351562,134.93841552734375,73409200,AAPL,0.32608000000000004
2022-06-23,136.82000732421875,138.58999633789062,135.6300048828125,138.27000427246094,137.8495330810547,72433800,AAPL,0.1758833333333333
2022-06-24,139.89999389648438,141.91000366210938,139.77000427246094,141.66000366210938,141.22923278808594,89116800,AAPL,0.24975
2022-06-27,142.6999969482422,143.49000549316406,140.97000122070312,141.66000366210938,141.22923278808594,70207900,AAPL,0.274175
2022-06-28,142.1300048828125,143.4199981689453,137.32000732421875,137.44000244140625,137.02206420898438,67083400,AAPL,0.197475
2022-06-29,137.4600067138672,140.6699981689453,136.6699981689453,139.22999572753906,138.80661010742188,66242400,AAPL,0.3457
2022-06-30,137.25,138.3699951171875,133.77000427246094,136.72000122070312,136.3042449951172,98964500,AAPL,0.19192307692307692
2022-07-01,136.0399932861328,139.0399932861328,135.66000366210938,138.92999267578125,138.50750732421875,71051600,AAPL,0.03183999999999999
2022-07-05,137.77000427246094,141.61000061035156,136.92999267578125,141.55999755859375,141.12953186035156,73353800,AAPL,-0.5303666666666667
2022-07-06,141.35000610351562,144.1199951171875,141.0800018310547,142.9199981689453,142.48538208007812,74064300,AAPL,-0.03932631578947368
2022-07-07,143.2899932861328,146.5500030517578,143.27999877929688,146.35000610351562,145.90496826171875,66253700,AAPL,0.22038571428571427
2022-07-08,145.25999450683594,147.5500030517578,145.0,147.0399932861328,146.5928497314453,64547800,AAPL,0.015933333333333338
2022-07-11,145.6699981689453,146.63999938964844,143.77999877929688,144.8699951171875,144.42945861816406,63141600,AAPL,0.015759999999999996
2022-07-12,145.75999450683594,148.4499969482422,145.0500030517578,145.86000061035156,145.41644287109375,77588800,AAPL,0.2898
2022-07-13,142.99000549316406,146.4499969482422,142.1199951171875,145.49000549316406,145.04757690429688,71185600,AAPL,0.35684285714285713
2022-07-14,144.0800018310547,148.9499969482422,143.25,148.47000122070312,148.01852416992188,78140700,AAPL,0.13945
2022-07-15,149.77999877929688,150.86000061035156,148.1999969482422,150.1699981689453,149.7133331298828,76259900,AAPL,0.06339375
2022-07-18,150.74000549316406,151.57000732421875,146.6999969482422,147.07000732421875,146.62278747558594,81420900,AAPL,0.09753448275862069
2022-07-19,147.9199981689453,151.22999572753906,146.91000366210938,151.0,150.5408172607422,82982400,AAPL,0.023663157894736837
2022-07-20,151.1199951171875,153.72000122070312,150.3699951171875,153.0399932861328,152.57461547851562,64823400,AAPL,0.1704909090909091
2022-07-21,154.5,155.57000732421875,151.94000244140625,155.35000610351562,154.87759399414062,65086600,AAPL,0.06538999999999999
2022-07-22,155.38999938964844,156.27999877929688,153.41000366210938,154.08999633789062,153.6214141845703,66675400,AAPL,0.11521538461538462
2022-07-25,154.00999450683594,155.0399932861328,152.27999877929688,152.9499969482422,152.48489379882812,53623900,AAPL,0.24749600000000002
2022-07-26,152.25999450683594,153.08999633789062,150.8000030517578,151.60000610351562,151.1389923095703,55138700,AAPL,0.03319166666666667
2022-07-27,152.5800018310547,157.3300018310547,152.16000366210938,156.7899932861328,156.31320190429688,78620700,AAPL,0.23401363636363637
2022-07-28,156.97999572753906,157.63999938964844,154.41000366210938,157.35000610351562,156.87152099609375,81378700,AAPL,0.07896041666666666
2022-07-29,161.24000549316406,163.6300048828125,159.5,162.50999450683594,162.01580810546875,101786900,AAPL,0.20855238095238096
2022-08-01,161.00999450683594,163.58999633789062,160.88999938964844,161.50999450683594,161.0188446044922,67829400,AAPL,0.14416923076923077
2022-08-02,160.10000610351562,162.41000366210938,159.6300048828125,160.00999450683594,159.52340698242188,59907000,AAPL,-0.039305882352941184
2022-08-03,160.83999633789062,166.58999633789062,160.75,166.1300048828125,165.62481689453125,82507500,AAPL,-0.00704000000000001
2022-08-04,166.00999450683594,167.19000244140625,164.42999267578125,165.80999755859375,165.3057861328125,55474100,AAPL,0.21754444444444443
2022-08-05,163.2100067138672,165.85000610351562,163.0,165.35000610351562,165.076171875,56697000,AAPL,-0.27564
2022-08-08,166.3699951171875,167.80999755859375,164.1999969482422,164.8699951171875,164.59695434570312,60276900,AAPL,0.06536842105263158
2022-08-09,164.02000427246094,165.82000732421875,163.25,164.9199981689453,164.64686584472656,63135500,AAPL,-0.07727647058823528
2022-08-10,167.67999267578125,169.33999633789062,166.89999389648438,169.24000549316406,168.95973205566406,70170500,AAPL,0.08345555555555556
2022-08-11,170.05999755859375,170.99000549316406,168.19000244140625,168.49000549316406,168.21096801757812,57149200,AAPL,0.126716
2022-08-12,169.82000732421875,172.1699981689453,169.39999389648438,172.10000610351562,171.8149871826172,68039400,AAPL,0.12325
2022-08-15,171.52000427246094,173.38999938964844,171.35000610351562,173.19000244140625,172.90318298339844,54091700,AAPL,0.10726923076923076
2022-08-16,172.77999877929688,173.7100067138672,171.66000366210938,173.02999877929688,172.74343872070312,56377100,AAPL,0.108125
2022-08-17,172.77000427246094,176.14999389648438,172.57000732421875,174.5500030517578,174.26092529296875,79542000,AAPL,0.09554848484848485
2022-08-18,173.75,174.89999389648438,173.1199951171875,174.14999389648438,173.86158752441406,62290100,AAPL,0.08268333333333332
2022-08-19,173.02999877929688,173.74000549316406,171.30999755859375,171.52000427246094,171.23594665527344,70346300,AAPL,0.03735555555555555
2022-08-22,169.69000244140625,169.86000061035156,167.13999938964844,167.57000732421875,167.29249572753906,69026800,AAPL,0.0942235294117647
2022-08-23,167.0800018310547,168.7100067138672,166.64999389648438,167.22999572753906,166.9530487060547,54147100,AAPL,0.053661111111111104
2022-08-24,167.32000732421875,168.11000061035156,166.25,167.52999877929688,167.25254821777344,53841500,AAPL,0.10855454545454547
2022-08-25,168.77999877929688,170.13999938964844,168.35000610351562,170.02999877929688,169.7484130859375,51218200,AAPL,0.03286666666666666
2022-08-26,170.57000732421875,171.0500030517578,163.55999755859375,163.6199951171875,163.34901428222656,78961000,AAPL,0.09175
2022-08-29,161.14999389648438,162.89999389648438,159.82000732421875,161.3800048828125,161.1127471923828,73314000,AAPL,0.2667357142857143
2022-08-30,162.1300048828125,162.55999755859375,157.72000122070312,158.91000366210938,158.64683532714844,77906200,AAPL,0.2540230769230769
2022-08-31,160.30999755859375,160.5800018310547,157.13999938964844,157.22000122070312,156.95962524414062,87991100,AAPL,0.1041
2022-09-01,156.63999938964844,158.4199981689453,154.6699981689453,157.9600067138672,157.6984100341797,74229900,AAPL,0.06897368421052631
2022-09-02,159.75,160.36000061035156,154.97000122070312,155.80999755859375,155.5519561767578,76957800,AAPL,0.15887
2022-09-06,156.47000122070312,157.08999633789062,153.69000244140625,154.52999877929688,154.27407836914062,73714800,AAPL,0.189695
2022-09-07,154.82000732421875,156.6699981689453,153.61000061035156,155.9600067138672,155.70172119140625,87449600,AAPL,0.03635
2022-09-08,154.63999938964844,156.36000061035156,152.67999267578125,154.4600067138672,154.20420837402344,84923800,AAPL,0.024884210526315793
2022-09-09,155.47000122070312,157.82000732421875,154.75,157.3699951171875,157.109375,68028800,AAPL,0.08133636363636364
2022-09-12,159.58999633789062,164.25999450683594,159.3000030517578,163.42999267578125,163.15933227539062,104956000,AAPL,0.20572083333333332
2022-09-13,159.89999389648438,160.5399932861328,153.3699951171875,153.83999633789062,153.58522033691406,122656600,AAPL,0.1268
2022-09-14,154.7899932861328,157.10000610351562,153.61000061035156,155.30999755859375,155.0527801513672,87965400,AAPL,0.15558
2022-09-15,154.64999389648438,155.24000549316406,151.3800048828125,152.3699951171875,152.11764526367188,90481100,AAPL,0.17838235294117646
2022-09-16,151.2100067138672,151.35000610351562,148.3699951171875,150.6999969482422,150.45042419433594,162278800,AAPL,0.1996888888888889
2022-09-19,149.30999755859375,154.55999755859375,149.10000610351562,154.47999572753906,154.22415161132812,81474200,AAPL,0.23039
2022-09-20,153.39999389648438,158.0800018310547,153.0800018310547,156.89999389648438,156.64015197753906,107689800,AAPL,0.06235833333333334
2022-09-21,157.33999633789062,158.74000549316406,153.60000610351562,153.72000122070312,153.46542358398438,101696800,AAPL,0.04026000000000001
2022-09-22,152.3800048828125,154.47000122070312,150.91000366210938,152.74000549316406,152.48704528808594,86652500,AAPL,0.322425
2022-09-23,151.19000244140625,151.47000122070312,148.55999755859375,150.42999267578125,150.1808624267578,96029900,AAPL,0.01035833333333333
2022-09-26,149.66000366210938,153.77000427246094,149.63999938964844,150.77000427246094,150.5203094482422,93339400,AAPL,0.28615882352941174
2022-09-27,152.74000549316406,154.72000122070312,149.9499969482422,151.75999450683594,151.5086669921875,84442700,AAPL,0.1428
2022-09-28,147.63999938964844,150.63999938964844,144.83999633789062,149.83999633789062,149.5918426513672,146691400,AAPL,-0.04671168831168831
2022-09-29,146.10000610351562,146.72000122070312,140.67999267578125,142.47999572753906,142.24403381347656,128138200,AAPL,0.010253125000000002
